"日期","来源","标题","摘要","链接","关键词","与AI先锋相关度","与AI先锋者相关度","判断原因","是否适合做内容","是否值得做成短视频","建议内容类型","建议切入角度","风险备注","失败原因"
"2026-05-14","OpenAI News","Building a safe, effective sandbox to enable Codex on Windows","Learn how OpenAI built a secure sandbox for Codex on Windows, enabling safe, efficient coding agents with controlled file access and network restrictions.","https://openai.com/index/building-codex-windows-sandbox","ai、agent、agents、openai","低","低","涉及AI智能体/自动化；涉及AI工具/模型变化","是","是","转化","标题：Building a safe, effective sandbox：一个适合AI先锋和AI先锋者都拆的选题。前3秒：如果你还在手写脚本、手动找选题，这条Building a safe, effective s可能直接影响你的内容产能。。两个号都适合：AI先锋讲落地，AI先锋者讲判断。能，自然连接到“用AI口播智能体提升脚本/口播/内容产能”。","公开来源：OpenAI News，发布时仍需核验时效和上下文。",""
"2026-05-14","OpenAI News","Our response to the TanStack npm supply chain attack","OpenAI details its response to the TanStack “Mini Shai-Hulud” supply chain attack, outlines protections taken to secure systems and signing certificates, and explains why macOS users must update OpenAI apps by June 12, 2026. Learn what happened, what was affected, and how OpenAI is strengthening defenses against evolving software supply chain threats.","https://openai.com/index/our-response-to-the-tanstack-npm-supply-chain-attack","ai、app、openai","低","低","涉及AI工具/模型变化","是","是","流量","标题：Our response to the TanStack npm s背后，普通人入局AI要看懂这个信号。前3秒：今天这个AI变化，可能会变成下一波短视频选题。。适合AI先锋者，做成趋势判断/认知表达。不建议强接产品，更适合先做认知判断和信任沉淀。","公开来源：OpenAI News，发布时仍需核验时效和上下文。",""
"2026-05-14","OpenAI News","How finance teams use Codex","See how finance teams can use Codex to build MBRs, reporting packs, variance bridges, model checks, and planning scenarios from real work inputs.","https://openai.com/academy/how-finance-teams-use-codex","ai、model","低","低","涉及AI工具/模型变化","是","是","流量","标题：How finance teams use Codex背后，普通人入局AI要看懂这个信号。前3秒：今天这个AI变化，可能会变成下一波短视频选题。。适合AI先锋者，做成趋势判断/认知表达。不建议强接产品，更适合先做认知判断和信任沉淀。","公开来源：OpenAI News，发布时仍需核验时效和上下文。",""
"2026-05-14","OpenAI News","What Parameter Golf taught us about AI-assisted research","Parameter Golf brought together 1,000+ participants and 2,000+ submissions to explore AI-assisted machine learning research, coding agents, quantization, and novel model design under strict constraints.","https://openai.com/index/what-parameter-golf-taught-us","ai、agent、agents、model","低","中","涉及AI智能体/自动化；涉及AI工具/模型变化","是","是","转化","标题：What Parameter Golf taught us abou：一个适合AI先锋和AI先锋者都拆的选题。前3秒：如果你还在手写脚本、手动找选题，这条What Parameter Golf taught u可能直接影响你的内容产能。。两个号都适合：AI先锋讲落地，AI先锋者讲判断。能，自然连接到“用AI口播智能体提升脚本/口播/内容产能”。","公开来源：OpenAI News，发布时仍需核验时效和上下文。",""
"2026-05-14","OpenAI News","AutoScout24 scales engineering with AI-powered workflows","Learn how AutoScout24 Group uses Codex and ChatGPT to speed development cycles, improve code quality, and expand AI adoption.","https://openai.com/index/autoscout24","ai、workflow、chatgpt","低","低","涉及AI智能体/自动化；涉及AI工具/模型变化","是","是","转化","标题：普通人别只看热闹，AutoScout24 scales engineering wit真正能用在内容提效上。前3秒：如果你还在手写脚本、手动找选题，这条AutoScout24 scales engineeri可能直接影响你的内容产能。。适合AI先锋，做成实操/转化内容。能，自然连接到“用AI口播智能体提升脚本/口播/内容产能”。","公开来源：OpenAI News，发布时仍需核验时效和上下文。",""
"2026-05-14","TechCrunch AI","Who decides what AI tells you? Campbell Brown, once Meta’s news chief, has thoughts","""The conversation is sort of happening in Silicon Valley around one thing, and a totally different conversation is happening among consumers.""","https://techcrunch.com/2026/05/13/who-decides-what-ai-tells-you-campbell-brown-once-metas-news-chief-has-thoughts/","ai、app","低","低","涉及AI工具/模型变化","是","是","流量","标题：Who decides what AI tells you? Cam背后，普通人入局AI要看懂这个信号。前3秒：今天这个AI变化，可能会变成下一波短视频选题。。适合AI先锋者，做成趋势判断/认知表达。不建议强接产品，更适合先做认知判断和信任沉淀。","公开来源：TechCrunch AI，发布时仍需核验时效和上下文。",""
"2026-05-14","TechCrunch AI","Notion just turned its workspace into a hub for AI agents","Notion’s new developer platform lets teams connect AI agents, external data sources, and custom code directly into their workspace as the company pushes deeper into agentic productivity software.","https://techcrunch.com/2026/05/13/notion-just-turned-its-workspace-into-a-hub-for-ai-agents/","ai、agent、agents、productivity","低","低","涉及AI智能体/自动化","是","是","转化","标题：普通人别只看热闹，Notion just turned its workspace i真正能用在内容提效上。前3秒：如果你还在手写脚本、手动找选题，这条Notion just turned its works可能直接影响你的内容产能。。适合AI先锋，做成实操/转化内容。能，自然连接到“用AI口播智能体提升脚本/口播/内容产能”。","公开来源：TechCrunch AI，发布时仍需核验时效和上下文。",""
"2026-05-14","TechCrunch AI","Musk’s xAI is running nearly 50 gas turbines unchecked at its Mississippi data center","Gas turbines at xAI's Colossus 2 data center have drawn a lawsuit over the company's use of ""mobile"" gas turbines as power plants.","https://techcrunch.com/2026/05/13/musks-xai-is-running-nearly-50-gas-turbines-unchecked-at-its-mississippi-data-center/","ai","低","低","与当前双账号主线相关度不足","否","否","观察","标题：Musk’s xAI is running nearly 50 ga背后，普通人入局AI要看懂这个信号。前3秒：今天这个AI变化，可能会变成下一波短视频选题。。适合AI先锋者，做成趋势判断/认知表达。不建议强接产品，更适合先做认知判断和信任沉淀。","涉及政策/法律/安全，避免直接做强转化",""
"2026-05-14","TechCrunch AI","Anthropic’s Cat Wu says that, in the future, AI will anticipate your needs before you know what they are","The head of product for Claude Code and Cowork says that the next big step for AI is proactivity.","https://techcrunch.com/2026/05/13/anthropics-cat-wu-says-that-in-the-future-ai-will-anticipate-your-needs-before-you-know-what-they-are/","ai、claude","低","中","涉及AI工具/模型变化","是","是","流量","标题：Anthropic’s Cat Wu says that, in t背后，普通人入局AI要看懂这个信号。前3秒：今天这个AI变化，可能会变成下一波短视频选题。。适合AI先锋者，做成趋势判断/认知表达。不建议强接产品，更适合先做认知判断和信任沉淀。","公开来源：TechCrunch AI，发布时仍需核验时效和上下文。",""
