"日期","来源","标题","摘要","链接","关键词","与AI先锋相关度","与AI先锋者相关度","是否适合做内容","建议切入角度","风险备注"
"2026-05-14","OpenAI News","Building a safe, effective sandbox to enable Codex on Windows","Learn how OpenAI built a secure sandbox for Codex on Windows, enabling safe, efficient coding agents with controlled file access and network restrictions.","https://openai.com/index/building-codex-windows-sandbox","AI、agent","低","低","待观察","同时做 AI先锋 的落地版和 AI先锋者 的判断版，避免同稿复用。","公开来源：OpenAI News，发布时仍需核验时效和上下文。"
"2026-05-14","OpenAI News","Our response to the TanStack npm supply chain attack","OpenAI details its response to the TanStack “Mini Shai-Hulud” supply chain attack, outlines protections taken to secure systems and signing certificates, and explains why macOS users must update OpenAI apps by June 12, 2026. Learn what happened, what was affected, and how OpenAI is strengthening defenses against evolving software supply chain threats.","https://openai.com/index/our-response-to-the-tanstack-npm-supply-chain-attack","AI","低","低","待观察","拆成“这条AI产品发布变化说明了什么趋势/机会/误区”的认知判断选题。","公开来源：OpenAI News，发布时仍需核验时效和上下文。"
"2026-05-14","OpenAI News","How finance teams use Codex","See how finance teams can use Codex to build MBRs, reporting packs, variance bridges, model checks, and planning scenarios from real work inputs.","https://openai.com/academy/how-finance-teams-use-codex","AI、model","低","低","待观察","拆成“这条AI产品发布变化说明了什么趋势/机会/误区”的认知判断选题。","公开来源：OpenAI News，发布时仍需核验时效和上下文。"
"2026-05-14","OpenAI News","What Parameter Golf taught us about AI-assisted research","Parameter Golf brought together 1,000+ participants and 2,000+ submissions to explore AI-assisted machine learning research, coding agents, quantization, and novel model design under strict constraints.","https://openai.com/index/what-parameter-golf-taught-us","AI、agent、model","低","中","是","同时做 AI先锋 的落地版和 AI先锋者 的判断版，避免同稿复用。","公开来源：OpenAI News，发布时仍需核验时效和上下文。"
"2026-05-14","OpenAI News","How NVIDIA engineers and researchers build with Codex","Teams use Codex with GPT-5.5 to ship production systems and turn research ideas into runnable experiments.","https://openai.com/index/nvidia","AI","低","低","待观察","拆成“这条AI产品发布变化说明了什么趋势/机会/误区”的认知判断选题。","公开来源：OpenAI News，发布时仍需核验时效和上下文。"
"2026-05-14","OpenAI News","AutoScout24 scales engineering with AI-powered workflows","Learn how AutoScout24 Group uses Codex and ChatGPT to speed development cycles, improve code quality, and expand AI adoption.","https://openai.com/index/autoscout24","AI、ChatGPT、workflow","低","低","待观察","拆成“普通人/自媒体人如何用AI产品发布提升内容产能或转化”的实操选题。","公开来源：OpenAI News，发布时仍需核验时效和上下文。"
"2026-05-14","Hugging Face Blog","来源读取失败","This operation was aborted","https://huggingface.co/blog/feed.xml","读取失败","待判断","待判断","否","先检查公开链接是否可访问，必要时更换来源或人工补充。","未访问登录页，未绕过限制；仅记录公开来源读取失败原因。"
"2026-05-14","TechCrunch AI","Who decides what AI tells you? Campbell Brown, once Meta’s news chief, has thoughts","""The conversation is sort of happening in Silicon Valley around one thing, and a totally different conversation is happening among consumers.""","https://techcrunch.com/2026/05/13/who-decides-what-ai-tells-you-campbell-brown-once-metas-news-chief-has-thoughts/","AI","低","低","待观察","拆成“这条AI新闻变化说明了什么趋势/机会/误区”的认知判断选题。","公开来源：TechCrunch AI，发布时仍需核验时效和上下文。"
"2026-05-14","TechCrunch AI","Clio’s $500M milestone arrives just as Anthropic ups the ante","Legal tech startups, including Clio, which just hit $500 million in ARR, are seeing massive customer adoption.","https://techcrunch.com/2026/05/13/clios-500m-milestone-arrives-just-as-anthropic-ups-the-ante/","AI、startup","低","低","待观察","拆成“普通人/自媒体人如何用AI新闻提升内容产能或转化”的实操选题。","公开来源：TechCrunch AI，发布时仍需核验时效和上下文。"
"2026-05-14","TechCrunch AI","Notion just turned its workspace into a hub for AI agents","Notion’s new developer platform lets teams connect AI agents, external data sources, and custom code directly into their workspace as the company pushes deeper into agentic productivity software.","https://techcrunch.com/2026/05/13/notion-just-turned-its-workspace-into-a-hub-for-ai-agents/","AI、agent","低","低","待观察","拆成“普通人/自媒体人如何用AI新闻提升内容产能或转化”的实操选题。","公开来源：TechCrunch AI，发布时仍需核验时效和上下文。"
"2026-05-14","TechCrunch AI","Musk’s xAI is running nearly 50 gas turbines unchecked at its Mississippi data center","Gas turbines at xAI's Colossus 2 data center have drawn a lawsuit over the company's use of ""mobile"" gas turbines as power plants.","https://techcrunch.com/2026/05/13/musks-xai-is-running-nearly-50-gas-turbines-unchecked-at-its-mississippi-data-center/","AI","低","低","待观察","拆成“这条AI新闻变化说明了什么趋势/机会/误区”的认知判断选题。","涉及政策/法律/安全，避免直接做强转化"
"2026-05-14","TechCrunch AI","Anthropic’s Cat Wu says that, in the future, AI will anticipate your needs before you know what they are","The head of product for Claude Code and Cowork says that the next big step for AI is proactivity.","https://techcrunch.com/2026/05/13/anthropics-cat-wu-says-that-in-the-future-ai-will-anticipate-your-needs-before-you-know-what-they-are/","AI、Claude","低","中","是","拆成“这条AI新闻变化说明了什么趋势/机会/误区”的认知判断选题。","公开来源：TechCrunch AI，发布时仍需核验时效和上下文。"
"2026-05-14","TechCrunch AI","Who trusts Sam Altman?","""I believe I am an honest and trustworthy businessperson,"" Altman testified in federal court.","https://techcrunch.com/2026/05/13/who-trusts-sam-altman/","AI","低","低","待观察","拆成“普通人/自媒体人如何用AI新闻提升内容产能或转化”的实操选题。","公开来源：TechCrunch AI，发布时仍需核验时效和上下文。"
"2026-05-14","Google AI Blog","AI","Explore the cutting-edge work Google is doing in AI and machine learning.","https://blog.google/technology/ai/","AI","低","低","待观察","拆成“这条AI产品发布变化说明了什么趋势/机会/误区”的认知判断选题。","公开来源：Google AI Blog，发布时仍需核验时效和上下文。"
"2026-05-14","Google AI Blog","AI Impact Summit 2026: How we’re partnering to make AI work for everyone","Explore the cutting-edge work Google is doing in AI and machine learning.","https://blog.google/technology/ai/","AI","低","低","待观察","拆成“这条AI产品发布变化说明了什么趋势/机会/误区”的认知判断选题。","公开来源：Google AI Blog，发布时仍需核验时效和上下文。"
"2026-05-14","Google AI Blog","Gemini App","Explore the cutting-edge work Google is doing in AI and machine learning.","https://blog.google/technology/ai/","AI、Gemini","低","低","待观察","拆成“这条AI产品发布变化说明了什么趋势/机会/误区”的认知判断选题。","公开来源：Google AI Blog，发布时仍需核验时效和上下文。"
"2026-05-14","Google AI Blog","Digitize your paper notes with Gemini.","Explore the cutting-edge work Google is doing in AI and machine learning.","https://blog.google/technology/ai/","AI、Gemini","低","低","待观察","拆成“这条AI产品发布变化说明了什么趋势/机会/误区”的认知判断选题。","公开来源：Google AI Blog，发布时仍需核验时效和上下文。"
"2026-05-14","Google AI Blog","You can now easily generate files in Gemini.","Explore the cutting-edge work Google is doing in AI and machine learning.","https://blog.google/technology/ai/","AI、Gemini","低","低","待观察","拆成“这条AI产品发布变化说明了什么趋势/机会/误区”的认知判断选题。","公开来源：Google AI Blog，发布时仍需核验时效和上下文。"
"2026-05-14","Google AI Blog","Find out what’s new in the Gemini app in April's Gemini Drop.","Explore the cutting-edge work Google is doing in AI and machine learning.","https://blog.google/technology/ai/","AI、Gemini","低","低","待观察","拆成“这条AI产品发布变化说明了什么趋势/机会/误区”的认知判断选题。","公开来源：Google AI Blog，发布时仍需核验时效和上下文。"
