"日期","热点名称","来源","热点类型","热度判断","可延展方向","适合AI先锋还是AI先锋者","适合流量/信任/转化","可做视频角度","风险备注"
"2026-05-14","Clio’s $500M milestone arrives just as Anthropic ups the ante","TechCrunch Startups","创业知识付费","公开来源新近更新，需结合平台可见数据人工核验热度","工具落地、内容提效、获客转化、案例拆解","AI先锋","流量","拆成“普通人/自媒体人如何用创业知识付费提升内容产能或转化”的实操选题。","公开来源：TechCrunch Startups，发布时仍需核验时效和上下文。"
"2026-05-14","Anduril raises $5B, doubles valuation to $61B","TechCrunch Startups","创业知识付费","公开来源新近更新，需结合平台可见数据人工核验热度","工具落地、内容提效、获客转化、案例拆解","AI先锋","流量","拆成“普通人/自媒体人如何用创业知识付费提升内容产能或转化”的实操选题。","公开来源：TechCrunch Startups，发布时仍需核验时效和上下文。"
"2026-05-14","Introducing the 6 stages at TechCrunch Disrupt 2026 — built for today’s tougher startup market","TechCrunch Startups","创业知识付费","公开来源新近更新，需结合平台可见数据人工核验热度","工具落地、内容提效、获客转化、案例拆解","两个都适合","流量","同时做 AI先锋 的落地版和 AI先锋者 的判断版，避免同稿复用。","公开来源：TechCrunch Startups，发布时仍需核验时效和上下文。"
"2026-05-14","Kevin Hartz’s A* just closed its third fund with $450M","TechCrunch Startups","创业知识付费","公开来源新近更新，需结合平台可见数据人工核验热度","工具落地、内容提效、获客转化、案例拆解","AI先锋","流量","拆成“普通人/自媒体人如何用创业知识付费提升内容产能或转化”的实操选题。","公开来源：TechCrunch Startups，发布时仍需核验时效和上下文。"
"2026-05-14","Riding an AI rally, Robinhood preps second retail venture IPO","TechCrunch Startups","创业知识付费","公开来源新近更新，需结合平台可见数据人工核验热度","工具落地、内容提效、获客转化、案例拆解","AI先锋","流量","拆成“普通人/自媒体人如何用创业知识付费提升内容产能或转化”的实操选题。","公开来源：TechCrunch Startups，发布时仍需核验时效和上下文。"
"2026-05-14","Korea’s biggest manufacturers back Config, the TSMC of robot data","TechCrunch Startups","创业知识付费","公开来源新近更新，需结合平台可见数据人工核验热度","工具落地、内容提效、获客转化、案例拆解","AI先锋","流量","拆成“普通人/自媒体人如何用创业知识付费提升内容产能或转化”的实操选题。","公开来源：TechCrunch Startups，发布时仍需核验时效和上下文。"
"2026-05-14","YouTube Tools That Scale Attention","Social Media Examiner","自媒体运营","公开来源新近更新，需结合平台可见数据人工核验热度","工具落地、内容提效、获客转化、案例拆解","AI先锋","流量","拆成“普通人/自媒体人如何用自媒体运营提升内容产能或转化”的实操选题。","公开来源：Social Media Examiner，发布时仍需核验时效和上下文。"
"2026-05-14","Upscaling Your People: Advanced AI Training","Social Media Examiner","自媒体运营","公开来源新近更新，需结合平台可见数据人工核验热度","工具落地、内容提效、获客转化、案例拆解","两个都适合","流量","同时做 AI先锋 的落地版和 AI先锋者 的判断版，避免同稿复用。","公开来源：Social Media Examiner，发布时仍需核验时效和上下文。"
"2026-05-14","The Science of Attention: Creating Short-Form Videos People Won’t Skip","Social Media Examiner","自媒体运营","公开来源新近更新，需结合平台可见数据人工核验热度","工具落地、内容提效、获客转化、案例拆解","AI先锋","流量","拆成“普通人/自媒体人如何用自媒体运营提升内容产能或转化”的实操选题。","公开来源：Social Media Examiner，发布时仍需核验时效和上下文。"
"2026-05-14","Claude Code for Everyone: How to Get Started","Social Media Examiner","自媒体运营","公开来源新近更新，需结合平台可见数据人工核验热度","工具落地、内容提效、获客转化、案例拆解","AI先锋","流量","拆成“普通人/自媒体人如何用自媒体运营提升内容产能或转化”的实操选题。","公开来源：Social Media Examiner，发布时仍需核验时效和上下文。"
"2026-05-14","New Instagram Tools to Drive Traffic, Optimize Your Content, and Establish Branding","Social Media Examiner","自媒体运营","公开来源新近更新，需结合平台可见数据人工核验热度","工具落地、内容提效、获客转化、案例拆解","AI先锋","流量","拆成“普通人/自媒体人如何用自媒体运营提升内容产能或转化”的实操选题。","公开来源：Social Media Examiner，发布时仍需核验时效和上下文。"
"2026-05-14","Intro to Claude Cowork: How to Get Started","Social Media Examiner","自媒体运营","公开来源新近更新，需结合平台可见数据人工核验热度","工具落地、内容提效、获客转化、案例拆解","两个都适合","流量","同时做 AI先锋 的落地版和 AI先锋者 的判断版，避免同稿复用。","公开来源：Social Media Examiner，发布时仍需核验时效和上下文。"
"2026-05-14","来源读取失败","Google Trends Daily US","AI新闻","读取失败","先检查公开链接是否可访问，必要时更换来源或人工补充。","待判断","待判断","暂无","This operation was aborted"
"2026-05-14","AI","Google AI Blog Hot Material","AI工具","公开来源新近更新，需结合平台可见数据人工核验热度","工具落地、内容提效、获客转化、案例拆解","AI先锋","流量","拆成“普通人/自媒体人如何用AI工具提升内容产能或转化”的实操选题。","公开来源：Google AI Blog Hot Material，发布时仍需核验时效和上下文。"
"2026-05-14","AI Impact Summit 2026: How we’re partnering to make AI work for everyone","Google AI Blog Hot Material","AI工具","公开来源新近更新，需结合平台可见数据人工核验热度","工具落地、内容提效、获客转化、案例拆解","AI先锋","流量","拆成“普通人/自媒体人如何用AI工具提升内容产能或转化”的实操选题。","公开来源：Google AI Blog Hot Material，发布时仍需核验时效和上下文。"
"2026-05-14","Gemini App","Google AI Blog Hot Material","AI工具","公开来源新近更新，需结合平台可见数据人工核验热度","工具落地、内容提效、获客转化、案例拆解","两个都适合","流量","同时做 AI先锋 的落地版和 AI先锋者 的判断版，避免同稿复用。","公开来源：Google AI Blog Hot Material，发布时仍需核验时效和上下文。"
"2026-05-14","Digitize your paper notes with Gemini.","Google AI Blog Hot Material","AI工具","公开来源新近更新，需结合平台可见数据人工核验热度","工具落地、内容提效、获客转化、案例拆解","两个都适合","流量","同时做 AI先锋 的落地版和 AI先锋者 的判断版，避免同稿复用。","公开来源：Google AI Blog Hot Material，发布时仍需核验时效和上下文。"
"2026-05-14","You can now easily generate files in Gemini.","Google AI Blog Hot Material","AI工具","公开来源新近更新，需结合平台可见数据人工核验热度","工具落地、内容提效、获客转化、案例拆解","两个都适合","流量","同时做 AI先锋 的落地版和 AI先锋者 的判断版，避免同稿复用。","公开来源：Google AI Blog Hot Material，发布时仍需核验时效和上下文。"
"2026-05-14","Find out what’s new in the Gemini app in April's Gemini Drop.","Google AI Blog Hot Material","AI工具","公开来源新近更新，需结合平台可见数据人工核验热度","工具落地、内容提效、获客转化、案例拆解","两个都适合","流量","同时做 AI先锋 的落地版和 AI先锋者 的判断版，避免同稿复用。","公开来源：Google AI Blog Hot Material，发布时仍需核验时效和上下文。"
